"id","recipient_id","step_number","subject","body","sent_at","thread_id","message_id","created_at"
"1cc0d3ce-d60a-4a53-8dab-ec0ec2eb7c3b","0336b453-803d-42e4-beca-45a9e9c8ba1a","1","A Small Signal of Craft","<p>Hello Ryan,</p><p>I hope this finds you well.</p><p>I found your contact on Leafly and wanted to reach out directly. Lake City Cannabis stands out for its commitment to education and the deeper culture surrounding cannabis—something I respect as a fellow founder.</p><p>I’m writing with a simple idea: custom hemp wick rolls, made in Europe, branded for your store. The connoisseurs know what this means. It’s a quiet nod to the ritual—something even big shops can’t fake. We partnered with the Last Prisoner Project and RAW to prove the point. Store collaboration details are here: <b><u><a href=""https://www.lastprisonerproject.org/raw-take-action"">LPP/RAW partnership link</a></u></b>.</p><p>No pitch—just curious if you’d like to see how your logo might look on a roll?</p><p>--<br>Best Regards,<br>Michael Klepacz<br>Let's Meet! Ask me about a zoom call!<br>Founder - Natural Materials Unlimited<br>+48 662 331 212 (Whatsapp)<br>+1 (517) 312-3530 (USA)</p>","""2025-11-26T19:12:07.727Z""","19ac19485b65a443","<CAHh8mdbUr0uZFranG2ca6hiVUwQpmcH3yyjMO3h6Wpqsmwn6Eg@mail.gmail.com>","""2025-11-26T19:12:07.798Z"""
"276e71b5-57cb-4dbb-913d-e9649c36457f","00744c09-1f1b-4d33-b9f7-45dfed570e48","2","Re: A Small Ritual, Big Meaning","<p>Hello Sweet Tree Farms Team,</p><p>Hope this note finds you well. I wanted to circle back on my last email about the hemp wick rolls co-branded with The Last Prisoner Project—these are quietly becoming a way for shops to show they get the culture, not just the transaction.</p><p>If you’re interested, I can show a quick preview of how Sweet Tree Farms could fit right in among retailers making an impact. Here’s that partnership in case you missed it: <b><u><a href=""https://www.lastprisonerproject.org/raw-take-action"">https://www.lastprisonerproject.org/raw-take-action</a></u></b>.</p><p>Would a sample visual help you picture this in your store?</p><p>--<br>Best Regards,<br>Michael Klepacz<br>Let's Meet! Ask me about a zoom call!<br>Founder - Natural Materials Unlimited<br>+48 662 331 212 (Whatsapp)<br>+1 (517) 312-3530 (USA)</p>","""2025-11-27T14:00:18.787Z""","19ac077cf0e9cdac","<CAHh8mdZLES2u1JhEsdEjzezVixL1tN1=99VG95rmw-SNsQyk8g@mail.gmail.com>","""2025-11-27T14:00:18.849Z"""
"37c7f896-92e3-49fe-a969-10a0276f3d47","0519e354-1000-4d73-a6e0-2356e5e7995e","1","Quick thought for Kindling","<p>Hello Kindling team,</p><p>I hope this note finds you well. I came across your contact on Leafly and wanted to reach out with something unique for both your team and your customers.</p><p>We manufacture European hemp wick rolls—small, high-quality accents that connect with real connoisseurs and send a clear cultural signal. Our recent partnership with <a href=""https://www.lastprisonerproject.org/raw-take-action""><b><u>LPP and RAW</u></b></a> is proof that co-branding can hold genuine impact, not just shelf space. Every roll co-branded with the Last Prisoner Project is a nod to those still held back by cannabis prohibition, elevating both your shop's story and retail experience.</p><p>Out of curiosity, want to see how your logo might look on a roll?</p><p>--<br>Best Regards,<br>Michael Klepacz<br>Let's Meet! Ask me about a zoom call!<br>Founder - Natural Materials Unlimited<br>+48 662 331 212 (Whatsapp)<br>+1 (517) 312-3530 (USA)</p>","""2025-11-26T21:37:09.684Z""","19ac2194dae9e5c8","<CAHh8mdbK-TOCjbsBDLtC49u5YmHkUM==oaoJzyzEmdRX4aBaig@mail.gmail.com>","""2025-11-26T21:37:09.747Z"""
"37f57b8a-df49-4c72-aae3-e47ed154c03d","031ec23d-4038-4e4c-b7e8-fc362d6ec618","1","Hemp Wick, Human Touch","<p>Hello Silverleaf team,</p><p>I came across your contact on Leafly and wanted to reach out founder-to-founder. I run NMU, where we make European-grown hemp wick rolls—think tiny, shelf-friendly tools packed with real cultural weight for people who care about the details.</p><p>Our recent co-brand project with RAW and The Last Prisoner Project <a href=""https://www.lastprisonerproject.org/raw-take-action"" style=""font-weight:bold;text-decoration:underline;"">shows what’s possible</a>: every roll helps LPP’s justice mission and quietly signals to customers that your shop gets the ritual, not just the rules. No industry buzzwords, just a small way to stand out on the counter—no big lift required.</p><p>Would you like to see how your logo could look on a roll? Happy to share a custom mockup when you have a minute.</p><p>--<br>Best Regards,<br>Michael Klepacz<br>Let's Meet! Ask me about a zoom call!<br>Founder - Natural Materials Unlimited<br>+48 662 331 212 (Whatsapp)<br>+1 (517) 312-3530 (USA)</p>","""2025-11-26T18:52:08.676Z""","19ac1823999119e9","<CAHh8mdasj5VTuCQWnF7sjgwJ57ahoeYcBUK1yxJwtW5=yTWOTQ@mail.gmail.com>","""2025-11-26T18:52:08.739Z"""
"3d6b4c53-2fa9-4aad-acdc-da49a8ae1945","049d054a-600b-499f-901d-b607f06fc30f","1","Cultural Signal for STIIIZY","<p>Hello STIIIZY Battle Creek Team,</p><p>I hope this note finds you well. I came across your contact on Leafly and wanted to share an idea that’s been resonating with connoisseurs across the industry.</p><p>There’s a quiet power in the small rituals—the kind that set craft leaders apart. Co-branded hemp wick, made in Europe and finished with natural beeswax, does more than occupy shelf space. It bridges the gap between operational strength and true cultural credibility. We helped RAW partner with the Last Prisoner Project—see how they did it <b><u><a href=""https://www.lastprisonerproject.org/raw-take-action"">here</a></u></b>—and retailers like yours can align with LPP’s mission while reinforcing the craft-driven story that customers crave.</p><p>Would you like to see how your logo could look on a roll for STIIIZY? I can set up a mockup, no pressure—just a quick visual if you’re curious.</p><p>--<br>Best Regards,<br>Michael Klepacz<br>Let's Meet! Ask me about a zoom call!<br>Founder - Natural Materials Unlimited<br>+48 662 331 212 (Whatsapp)<br>+1 (517) 312-3530 (USA)</p>","""2025-11-26T20:51:08.695Z""","19ac1ef2d86c2c82","<CAHh8mdYfw+FAnrU_ZVQFMcPwHBnFpGLrhuoAYnJBY_iOtgO3sw@mail.gmail.com>","""2025-11-26T20:51:08.813Z"""
"434a9daf-cd0e-4ebe-b41a-ba353208458d","05766597-5e2f-44f1-a641-52bf093cf493","1","Local Ritual, Real Impact","<p>Hello HypeHerbally Team,</p><p>I hope this reaches you well. I found your contact on Leafly and wanted to share a quick idea that might inspire curiosity.</p><p>Your legacy vibe stands out in Lynnwood—exactly the kind of culture that true connoisseurs notice. We make custom hemp wick rolls from European hemp and natural beeswax, designed as quiet signals of authenticity. Our LPP/RAW partnership is a good example: <a href=""https://www.lastprisonerproject.org/raw-take-action"" style=""font-weight:bold; text-decoration:underline;"">Last Prisoner Project x RAW</a>.</p><p>Would you be open to seeing how the HypeHerbally logo could look on a roll? Happy to create a visual—no pressure.</p><p>--<br>Best Regards,<br>Michael Klepacz<br>Let's Meet! Ask me about a zoom call!<br>Founder - Natural Materials Unlimited<br>+48 662 331 212 (Whatsapp)<br>+1 (517) 312-3530 (USA)</p>","""2025-11-26T22:22:38.673Z""","19ac242f032109d3","<CAHh8mdZ4TCBs1hZW459Z-aA+eKfgZ-jHtb+WBkvGCEPj7fOZDg@mail.gmail.com>","""2025-11-26T22:22:38.736Z"""
"4c2ced15-5451-4fae-a5f0-a2a169f1eb00","023c2c2e-2a03-4be3-a8cb-708590213912","1","A Ritual Worth Sharing","<p>Hello Catalyst Van Nuys team,</p><p>I found your contact on Leafly. Writing as a founder who knows the push and pull of running a great shop, I wanted to share something your connoisseur customers will notice in an instant: custom hemp wick rolls, made in collaboration with The Last Prisoner Project.</p><p>Offering a small roll signals you understand the ritual and care about more than just sales—it turns everyday retail into real connection and invites your shop into cannabis culture’s core. Our rolls, used by RAW in their own project with LPP, put your values on display with every transaction. See how that looks: <a href=""https://www.lastprisonerproject.org/raw-take-action"" style=""font-weight:bold; text-decoration:underline"">RAW x LPP</a>.</p><p>If you’d like to see your logo on a roll, let me know—happy to create a visual with no obligation. Curious if you have a spot on your counter for something that tells a bigger story?</p><p>--<br>Best Regards,<br>Michael Klepacz<br>Let's Meet! Ask me about a zoom call!<br>Founder - Natural Materials Unlimited<br>+48 662 331 212 (Whatsapp)<br>+1 (517) 312-3530 (USA)</p>","""2025-11-26T16:51:06.066Z""","19ac11368cbcbce0","<CAHh8mdabW3q3fBHRPQz42962d1V4ZOfueLyNCtk2xLMRzGtTcQ@mail.gmail.com>","""2025-11-26T16:51:06.128Z"""
"516b0a19-f022-4a0a-92f3-447e6e3ccc69","06c60040-61f1-4dda-a3a7-e3f52832b327","1","A quick idea for Aroma Hill","<p>Hello Aroma Hill Team,</p><p>I found your contact on Leafly and wanted to reach out with something a bit different. I run Natural Materials Unlimited, where we make our own hemp wick in Europe—never resell—and I noticed how much you invest in customer experience.</p><p>There’s something about co-branded hemp wick that speaks to connoisseurs. It’s not just a counter item; it marks a shop as part of the culture, not just the commerce. We’ve quietly partnered with <a href=""https://www.lastprisonerproject.org/raw-take-action""><b><u>Last Prisoner Project x RAW</u></b></a> as proof this isn’t just a pitch—it’s working in some of the best spots out there.</p><p>No pressure, but if you’re curious how your logo would look on a custom roll, I can show you. Would it make sense to send a visual?</p><p>--<br>Best Regards,<br>Michael Klepacz<br>Let's Meet! Ask me about a zoom call!<br>Founder - Natural Materials Unlimited<br>+48 662 331 212 (Whatsapp)<br>+1 (517) 312-3530 (USA)</p>","""2025-11-26T23:10:41.057Z""","19ac26eec417d8a2","<CAHh8mdYWwt01hjc0ddL6Bq0JDMSau+0DENbUPU9cRrEWH=9x7w@mail.gmail.com>","""2025-11-26T23:10:41.121Z"""
"5e37f1b3-3b4a-49ad-a343-2689a6da9820","06db27ba-0314-4911-8b21-42f9994916b4","1","Culture Meets Craft","<p>Hello Oregon Bud Company team,</p><p>I came across your listing on Leafly and wanted to reach out directly. I run a small operation called Natural Materials Unlimited — we manufacture European hemp wick rolls from scratch, the kind connoisseurs notice instantly. For shops like yours looking to deepen cultural connection, our co-brand with Last Prisoner Project and RAW quietly signals care for both craft and justice.</p><p>Every LPP-branded roll reinforces that cannabis culture isn’t just about product — it’s about people. You can see how this looks in action here: <a href=""https://www.lastprisonerproject.org/raw-take-action""><b><u>RAW x LPP partnership</u></b></a>.</p><p>Curious how your logo might look on a roll? Happy to share a custom mockup, no rush, no pitch. Would you like to see a version tailored for Oregon Bud Company?</p><p>--<br>Best Regards,<br>Michael Klepacz<br>Let's Meet! Ask me about a zoom call!<br>Founder - Natural Materials Unlimited<br>+48 662 331 212 (Whatsapp)<br>+1 (517) 312-3530 (USA)</p>","""2025-11-26T23:37:49.119Z""","19ac287c37d66dc4","<CAHh8mdY9fgJU8pF3_AJqLLrY5ij5mSD=M0i9h26YX3sc4yDLCg@mail.gmail.com>","""2025-11-26T23:37:49.319Z"""
"66e92d1e-8354-43c6-b5ba-bbe6f7a2b7f5","0232c447-f6a4-4b15-b179-090800c14004","1","A Small Way In","<p>Hello Greenfield team,</p><p>I found your contact on Leafly and hope this note finds you well.</p><p>My name is Michael and I run Natural Materials Unlimited. Last Prisoner Project and RAW co-branded rolls showed how a simple product can make an outsized impact—retailers like you can do the same, no hype or heavy lift. For connoisseurs, hemp wick isn’t just an accessory. It’s a marker of care and craft. Even a small roll shows customers you understand the ritual behind the experience.</p><p>More about what I mean here: <a href=""https://www.lastprisonerproject.org/raw-take-action""><b><u>RAW x LPP partnership</u></b></a>.</p><p>If you’re open, would you like to see how your logo lands on a roll? Happy to send a visual, no commitment required.</p><p>--<br>Best Regards,<br>Michael Klepacz<br>Let's Meet! Ask me about a zoom call!<br>Founder - Natural Materials Unlimited<br>+48 662 331 212 (Whatsapp)<br>+1 (517) 312-3530 (USA)</p>","""2025-11-26T15:59:06.863Z""","19ac0e3ce1eef4e5","<CAHh8mdYrd5-oVhcvwif=X1Ya9gzuzDPmdbgwZGdR1ZfAq0PH0w@mail.gmail.com>","""2025-11-26T15:59:06.923Z"""
"69b242b5-a0f6-44f0-8916-3c0c755effd4","02218503-62f0-4f65-882b-fbe391c7dcf0","1","Let’s Elevate the Ritual","<p>Hello,</p><p>I came across your contact on Leafly and wanted to reach out directly. I’m Michael, founder at NMU—we manufacture hemp wick in our zero-waste European facility and recently teamed up with The Last Prisoner Project and RAW for a justice-driven co-brand. Your store could do the same.</p><p>To connoisseurs, hemp wick isn’t just another item—it’s a quiet nod to the ritual, a signal that your shop respects the craft and stands for more than just commerce. A small branded roll tells your customers they’re understood and valued.</p><p>If you’re curious how your logo would look on a roll, I can send a quick custom mockup. No pressure. You can see what we did with RAW and LPP here: <a href=""https://www.lastprisonerproject.org/raw-take-action""><b><u>RAW x LPP Partnership</u></b></a>.</p><p>Would seeing a mockup help you decide?</p><p>--<br>Best Regards,<br>Michael Klepacz<br>Let's Meet! Ask me about a zoom call!<br>Founder - Natural Materials Unlimited<br>+48 662 331 212 (Whatsapp)<br>+1 (517) 312-3530 (USA)</p>","""2025-11-26T15:31:02.528Z""","19ac0ca1d8e0cb90","<CAHh8mdZ-MyzJRyBKWYGXhk3QE9iKu6TJ7u6UUxF6bLrO4-uCxA@mail.gmail.com>","""2025-11-26T15:31:02.591Z"""
"6ada8240-19d6-4994-8351-20ef6bb5d8c5","00f28022-c4f5-4acd-85d0-0b61b46863be","1","Connect Through Craft","<p>Hello Walla Walla Weedery team,</p><p>Hope all is well. I found your contact on Leafly and admired your focus on quality and the customer experience. I wanted to share an idea that blends tradition, conscience, and retail impact—one that has already brought the RAW x Last Prisoner Project co-brand to life for shops much like yours.</p><p>Cannabis culture’s insiders know: a small roll of hemp wick says you respect the ritual. Carrying custom LPP co-branded hemp wick is more than a product move. It connects your shop to connoisseur credibility, supports real justice work, and takes almost no shelf space. Each roll is a quiet bridge between commerce and culture—plus, all manufacturing is sustainable and rooted in craft values.</p><p>If you’d like, I’m happy to show you how your logo could look on a roll. Here’s more on the <b><u><a href=""https://www.lastprisonerproject.org/raw-take-action"">LPP/RAW partnership</a></u></b> for context. Would you be open to a quick mockup?</p>--<br>Best Regards,<br>Michael Klepacz<br>Let's Meet! Ask me about a zoom call!<br>Founder - Natural Materials Unlimited<br>+48 662 331 212 (Whatsapp)<br>+1 (517) 312-3530 (USA)","""2025-11-26T14:50:04.847Z""","19ac0a49db9d3bf3","<CAHh8mday-v8gbGsVjs2LSwt01m6Vdjkx_JEh1VDdxhhtay+Z7g@mail.gmail.com>","""2025-11-26T14:50:04.906Z"""
"6b0cf559-92e0-4207-9816-ead97716e840","e989d6c0-a706-400b-8e01-e131f93a1d2b","1","Exploring Wholesale Opportunities","<p>Hi,</p><p>I found your email on Leafly and wanted to reach out. I may not be talking to the right person, but if you're the right person to discuss wholesale accessories, that's great—if not, I'd appreciate being introduced to whoever handles product sourcing.</p><p>We’re building a collaboration around sustainable hemp wick that also supports The Last Prisoner Project. It’s a meaningful way to enhance customer loyalty while contributing to social justice.</p><p>Would you be open to a quick chat about this?</p><p>--<br>Best Regards,<br>Michael Klepacz<br>Let’s Meet! Ask me about a video call and virtual tour!<br>Founder - Natural Materials Unlimited<br>+48 662 331 212 (Whatsapp)<br>+1 (517) 312-3530 USA</p>","""2025-11-13T09:54:11.013Z""","19a7ca3091fa1c69","<CAHh8mdamVCRhFsV6PFaU1oA2PgDGVZtoRw5iOBJDHdqZGLYysg@mail.gmail.com>","""2025-11-13T09:54:11.013Z"""
"6dd1e9c1-10a0-45e1-a4bc-daa5a7a7b238","04903c1c-8bfa-475b-b4d8-f20d89aff806","1","A Simple Cultural Signal","<p>Hello Your Green Thumb team,</p><p>I hope this finds you well. I found your contact on Leafly and wanted to reach out directly.</p><p>I've noticed how Your Green Thumb treats cannabis as more than a product—it's a community bond and a daily ritual. That’s a rare approach among operators, and I think there’s a way to quietly deepen that credibility: co-branded hemp wick rolls made in partnership with The Last Prisoner Project.</p><p>We manufacture our own European hemp wick, rolled in natural beeswax, with a zero-waste process. Brands like RAW have used these same rolls with LPP to stand for something real. Here’s the partnership link if you’d like to see more: <b><u><a href=""https://www.lastprisonerproject.org/raw-take-action"" target=""_blank"">RAW x LPP Take Action</a></u></b>.</p><p>If you’d like, I can show you a custom mockup of your logo on a roll—purely for fun and curiosity. Interested?</p><p>--<br>Best Regards,<br>Michael Klepacz<br>Let's Meet! Ask me about a zoom call!<br>Founder - Natural Materials Unlimited<br>+48 662 331 212 (Whatsapp)<br>+1 (517) 312-3530 (USA)</p>","""2025-11-26T20:26:08.561Z""","19ac1d848130144a","<CAHh8mdYofA2kib6dv8w496mrbgzkU740dMkfWyJ_MCSFqtQ21w@mail.gmail.com>","""2025-11-26T20:26:08.623Z"""
"6fa391bb-ae4d-4b25-97d6-3482af875ef2","02dfbbd8-fe84-476a-9e7e-b31c51f93c2a","1","A Small Signal of Care","<p>Hello Burlington Cannabis Co. team,</p><p>I hope this finds you well. I found your contact on Leafly and wanted to share something that might fit your community-focused approach.</p><p>Some chains separate themselves not just by quality, but by showing their customers they get the ritual. Co-branded hemp wick is one of those quiet signals: practical, high-margin, yet deeply respected by true connoisseurs. We make ours in Europe with natural beeswax and minimal waste—simple, soulful, and immediately recognizable for those who care about the craft.</p><p>We're also partnered with the <b><u><a href=""https://www.lastprisonerproject.org/raw-take-action"">Last Prisoner Project—RAW did a co-brand</a></u></b> too—as a small act of justice woven into the everyday. Curious what it would look like with your logo on it?</p>--<br>Best Regards,<br>Michael Klepacz<br>Let's Meet! Ask me about a zoom call!<br>Founder - Natural Materials Unlimited<br>+48 662 331 212 (Whatsapp)<br>+1 (517) 312-3530 (USA)","""2025-11-26T18:31:10.665Z""","19ac16f075423179","<CAHh8mdZ9tmgnmgiyeLUML0+7gzdTTFHZrqjVOgupEWq_mWOvzQ@mail.gmail.com>","""2025-11-26T18:31:10.730Z"""
"84a1b00d-0b10-4ace-b3b0-585204862dc3","bb1f83f8-1580-49cf-987a-d159c45c10c2","1","Exploring Wholesale Accessories","<p>Hi,</p><p>I found your email on Leafly and wanted to reach out. If you're the right person to discuss wholesale accessories, that's great—if not, I'd appreciate being introduced to whoever handles product sourcing.</p><p>We offer sustainable hemp wick solutions that not only enhance your product line but also support initiatives like The Last Prisoner Project. This partnership helps fund real justice work while elevating your brand’s commitment to social impact.</p><p>Would you be open to a quick discussion about how we can collaborate?</p><p>--<br>Best Regards,<br>Michael Klepacz<br>Let’s Meet! Ask me about a video call and virtual tour!<br>Founder - Natural Materials Unlimited<br>+48 662 331 212 (Whatsapp)<br>+1 (517) 312-3530 USA</p>","""2025-11-13T09:52:15.506Z""","19a7ca1442a4fd4d","<CAHh8mda3tt3eHVqPQsyKGEY+6xxZNtRdUOuwtmjVJkN-TUhrJA@mail.gmail.com>","""2025-11-13T09:52:15.506Z"""
"8cc59d34-bdc4-4a40-902d-505dcadc61c5","00744c09-1f1b-4d33-b9f7-45dfed570e48","1","A Small Ritual, Big Meaning","<p>Hello Sweet Tree Farms Team,</p><p>I found your contact on Leafly and was impressed by your focus on quality and local craft. I’m reaching out as the founder of Natural Materials Unlimited—makers of hemp wick used by connoisseurs who value ritual as much as product.</p><p>We recently partnered with The Last Prisoner Project and RAW to co-brand rolls supporting justice work in our industry. Your dispensary could do the same: make every hemp wick roll a quiet statement of care and authenticity. This isn’t a generic offer—it’s about cultural connection and a tactile expression of your values.</p><p>If you’d like to see how your logo might look on a roll, I’m happy to send a visual (no file attachments, just a quick preview). Here’s the LPP/RAW partnership for reference: <b><u><a href=""https://www.lastprisonerproject.org/raw-take-action"">https://www.lastprisonerproject.org/raw-take-action</a></u></b>.</p><p>Would a custom mockup be useful for your team?</p><p>--<br>Best Regards,<br>Michael Klepacz<br>Let's Meet! Ask me about a zoom call!<br>Founder - Natural Materials Unlimited<br>+48 662 331 212 (Whatsapp)<br>+1 (517) 312-3530 (USA)</p>","""2025-11-26T14:01:09.031Z""","19ac077cf0e9cdac","<CAHh8mdbEsyDCkbU7rasL7DL6QecJQTKY3hFa3fMjcAnV2oK3Jw@mail.gmail.com>","""2025-11-26T14:01:09.094Z"""
"8e08ac5f-646f-483a-818d-6c9b9c0877ff","891862a1-2d09-4a58-b7d9-f67683e33651","1","Partnering for Purpose","<p>Hi,</p><p>I found your email on Leafly and wanted to reach out. If you're the right person to discuss wholesale accessories, that's great—if not, I'd appreciate being introduced to whoever handles product sourcing.</p><p>We’re building something impactful with our co-branded hemp wick alongside The Last Prisoner Project. This partnership not only elevates your product offerings but also helps fund real justice work for those affected by outdated cannabis laws.</p><p>If you’d like to explore how this works, I’d be happy to share more details.</p><p>--<br>Best Regards,<br>Michael Klepacz<br>Let’s Meet! Ask me about a video call and virtual tour!<br>Founder - Natural Materials Unlimited<br>+48 662 331 212 (Whatsapp)<br>+1 (517) 312-3530 USA</p>","""2025-11-13T09:50:38.169Z""","19a7c9fc82f9e5de","<CAHh8mdYJ1D44L9_0q_3+avVRQMYHvLOj6gFexYi9T5ZMuVztxA@mail.gmail.com>","""2025-11-13T09:50:38.169Z"""
"8ef80ecc-c041-40bb-bdc0-7044dd1f8f47","042384e0-482a-4829-9a69-bfc3b444bf29","1","Montana, Ritual, and Justice","<p>Hello Zen Medicine team,</p><p>I found your contact on Leafly while searching for retailers who bring care and craft directly to the cannabis experience. I was struck by how you emphasize culture and quality in Montana—values not every shop leads with these days.</p><p>I’m reaching out because there’s a quiet way dispensaries are signaling connoisseur credibility without hype: co-branded hemp wick. Our work with the Last Prisoner Project and RAW shows how even small gestures help shops move from just retail to real community anchors. You can see what this partnership looks like here: <b><u><a href=""https://www.lastprisonerproject.org/raw-take-action"">LPP/RAW partnership</a></u></b>.</p><p>If you're curious, would you like to see how your Zen Medicine logo could look on a hemp wick roll? No attachments, just a visual to start a conversation.</p><p>--<br/>Best Regards,<br/>Michael Klepacz<br/>Let's Meet! Ask me about a zoom call!<br/>Founder - Natural Materials Unlimited<br/>+48 662 331 212 (Whatsapp)<br/>+1 (517) 312-3530 (USA)</p>","""2025-11-26T20:04:11.178Z""","19ac1c42e918b28c","<CAHh8mdbRtwtYkfSdBtBJ2=z0WaORsE6wGuxXdrF6ZHGFAMnMhg@mail.gmail.com>","""2025-11-26T20:04:11.239Z"""
"9109edf2-d5b8-4a0c-a056-9c55dbfa07aa","00eb0ee2-f938-409e-8ca7-b6dcf9f00409","2","Re: Let’s Build Credibility Together","<p>Hello Kushella team,</p><p>Last week I shared a simple perspective on how co-branded hemp wick helps build real trust with connoisseurs who notice every detail. I keep thinking how your shop’s focus on experience could be amplified by something so small, but meaningful.</p><p>The <b><u><a href=""https://www.lastprisonerproject.org/raw-take-action"">RAW x LPP partnership</a></u></b> showed how a classic staple—done right—can stand for more. If you’re curious, I’d be glad to send a mockup with your logo, just to see how it feels in your brand’s world.</p><p>Would seeing a visual make sense for you right now?</p><p>--<br>Best Regards,<br>Michael Klepacz<br>Let's Meet! Ask me about a zoom call!<br>Founder - Natural Materials Unlimited<br>+48 662 331 212 (Whatsapp)<br>+1 (517) 312-3530 (USA)</p>","""2025-11-27T14:17:18.976Z""","19ac08cd358219d3","<CAHh8mdasUOnAFFFGF=MeSJyD9Ypa6epuEgqsaE3rrpWdaBfgrA@mail.gmail.com>","""2025-11-27T14:17:19.039Z"""
"9d9cd438-5065-4af9-b481-80de9f6999df","a987328a-32f5-4bd1-a667-dfa1f4aee6a9","1","Explore Co-Branding Opportunities with LPP","<p>Hi,</p><p>I found your email on Leafly and wanted to reach out. I acknowledge I may not be speaking to the right person, but if you're the right contact for discussing wholesale accessories, that's great—if not, I'd appreciate being introduced to whoever handles product sourcing.</p><p>We offer sustainable hemp wick co-branded with The Last Prisoner Project. It’s a powerful way to enhance your product lineup while supporting crucial justice initiatives. You can see how brands like RAW have made it work here: <a href=""https://www.lastprisonerproject.org/raw-take-action"">RAW for LPP</a>.</p><p>Would you be open to a quick conversation about this impactful collaboration?</p><p>--<br>Best Regards,<br>Michael Klepacz<br>Let’s Meet! Ask me about a video call and virtual tour!<br>Founder - Natural Materials Unlimited<br>+48 662 331 212 (Whatsapp)<br>+1 (517) 312-3530 USA</p>","""2025-11-13T09:55:23.011Z""","19a7ca42009c9c71","<CAHh8mda6i8COZq4Zg37-kkL+s7OAD-MyuKJEuSF=dRGnvdfcKQ@mail.gmail.com>","""2025-11-13T09:55:23.011Z"""
"a68016d3-fb8e-4653-9779-c03982a854a9","061021a3-cd0a-45b0-b893-61c747a9cc72","1","A Small but Powerful Signal","<p>Hello Elevated – Brooks St Team,</p><p>I hope this note finds you well. I found your contact on Leafly and wanted to reach out directly.</p><p>Running a dispensary that lives up to its own values isn’t easy. As someone who’s built hemp-focused products for years, I keep meeting founders looking to bridge the gap between curation and true cultural credibility—especially in the eyes of serious connoisseurs.</p><p>This is where something simple, like co-branded hemp wick, carries unexpected weight. A roll by the register isn’t just functional; it instantly signals respect for the ritual, elevating the shop from retail to participant in the craft. Our partnership with Last Prisoner Project and RAW shows what’s possible when retail meets real purpose—every roll you offer can spark a quiet act of justice.</p><p>If you’re curious how your logo might look on one of these rolls, I can send a simple mockup—commitment-free. You can explore the background of our LPP/RAW collaboration <b><u><a href=""https://www.lastprisonerproject.org/raw-take-action"">here</a></u></b> if you’d like.</p><p>Does this sound like something worth a quick look?</p><p>--<br>Best Regards,<br>Michael Klepacz<br>Let's Meet! Ask me about a zoom call!<br>Founder - Natural Materials Unlimited<br>+48 662 331 212 (Whatsapp)<br>+1 (517) 312-3530 (USA)</p>","""2025-11-26T22:47:52.859Z""","19ac25a0b36c8c0b","<CAHh8mdYq25b_VbkCvZ-WCwBHuueZGcZwvfYfJxWq+HVrRCqj2A@mail.gmail.com>","""2025-11-26T22:47:53.064Z"""
"a786152a-0e8d-4fec-b42a-968822496f24","020a9ed8-7ad9-46e2-97a2-666d551621d4","1","A Simple Store Signal","<p>Hello PurLife Farmington team,</p><p>I hope this note finds you well. I found your contact on Leafly and wanted to reach out directly regarding something that may fit alongside your mission.</p><p>Our company manufactures co-branded hemp wick, like the version RAW released through its partnership with the Last Prisoner Project. It’s a tiny item, but for connoisseurs, it signals understanding and care—a detail that separates a retailer from a simple store. Bringing this to your shelf turns every roll into a quiet gesture of justice and cultural alignment. <a href=""https://www.lastprisonerproject.org/raw-take-action""><b><u>Here’s how RAW brought it to life with LPP</u></b></a>.</p><p>Open to seeing how your logo might look on a hemp wick roll? It’s quick to mock up and truly changes how the brand feels in-hand.</p><p>--<br>Best Regards,<br>Michael Klepacz<br>Let's Meet! Ask me about a zoom call!<br>Founder - Natural Materials Unlimited<br>+48 662 331 212 (Whatsapp)<br>+1 (517) 312-3530 (USA)</p>","""2025-11-26T15:11:19.188Z""","19ac0b80d61d88d1","<CAHh8mdZHS_y0MsH3X7Uh2BtZ6ZpSdQ0M1joXTO5O3=OFsmDn8A@mail.gmail.com>","""2025-11-26T15:11:19.252Z"""
"ab50128f-7377-49d7-803b-bc07f0405b07","02b6b012-d57a-47a6-ab4d-1d25bc39916e","1","A Small Ritual, Big Signal","<p>Hello King Cronic Team,</p><p>I hope this finds you well. I found your contact on Leafly while looking for retailers who shape the culture, not just the market.</p><p>I’m reaching out founder-to-founder because I believe a simple, soulful retail move can change how connoisseurs see your shop. Co-branded hemp wick rolls, paired with <b><u><a href=""https://www.lastprisonerproject.org/raw-take-action"">this proven LPP/RAW partnership</a></u></b>, have become a quiet badge of respect in the best stores. These aren't giveaways—they’re signals. A small roll, discreetly co-branded, tells customers you honor the ritual and care about justice in the industry.</p><p>Would you like to see how your logo could look on a roll for King Cronic? No rush—happy to send a mockup if you’re curious.</p>--<br>Best Regards,<br>Michael Klepacz<br>Let's Meet! Ask me about a zoom call!<br>Founder - Natural Materials Unlimited<br>+48 662 331 212 (Whatsapp)<br>+1 (517) 312-3530 (USA)","""2025-11-26T17:38:06.449Z""","19ac13e7074c6d3a","<CAHh8mdb4q=ss6F0t1kZcyV_LGL6CdsaxAj_VQgtN7k4oymYMVg@mail.gmail.com>","""2025-11-26T17:38:06.509Z"""
"c4b05c71-711d-4c96-9e17-57bd6844655f","0413e71c-57b0-4268-b905-4a2246730b74","1","A Small Product, Big Cred","<p>Hello JARS Cannabis team,</p><p>I came across your contact on Leafly and wanted to reach out directly.</p><p>Most retail teams are running solid shops—but building true credibility with connoisseurs is a different challenge. We make European hemp wick for retailers who want to move from ‘just dispensary’ to influential part of the culture, not just shelf space.</p><p>We’ve worked with folks like RAW on their **<u>Last Prisoner Project partnership</u>** (https://www.lastprisonerproject.org/raw-take-action)—showing how a simple, custom roll signals integrity, not just novelty. Each roll connects your brand to an act of justice and true craft.</p><p>Want to see how your logo looks on a roll?</p><p>--<br>Best Regards,<br>Michael Klepacz<br>Let's Meet! Ask me about a zoom call!<br>Founder - Natural Materials Unlimited<br>+48 662 331 212 (Whatsapp)<br>+1 (517) 312-3530 (USA)</p>","""2025-11-26T19:39:08.356Z""","19ac1ad4144a4d26","<CAHh8mdYJLSTnyMeMS_fLONZVfoSxGZd+VNyrGxYngZE0307cTw@mail.gmail.com>","""2025-11-26T19:39:08.415Z"""
"d8d8d035-5628-4a96-803e-1b7b82fd0a0f","04a026a8-4d2d-41d1-abb1-b7e2189152c6","1","Let’s Elevate Your Ritual","<p>Hello Holistic Releaf Team,</p><p>I hope this note finds you well. I came across your contact on Leafly, and your focus on quality and community stood out. I’m reaching out founder to founder with a simple idea for your shop.</p><p>There’s a real cultural gap between ‘retail’ and true cannabis craft. Hemp wick is a small detail, but for connoisseurs, it’s a sign that you understand the ritual. We manufacture our own rolls in Europe, and every product can be custom branded for you or even co-branded with the Last Prisoner Project — just like RAW. It’s proof that a chain can signal care and culture in a real way. <a href=""https://www.lastprisonerproject.org/raw-take-action"" style=""font-weight:bold; text-decoration:underline;"">RAW x LPP partnership</a></p><p>If you’re curious, would you like to see how your logo could look on a roll?</p><p>--<br>Best Regards,<br>Michael Klepacz<br>Let's Meet! Ask me about a zoom call!<br>Founder - Natural Materials Unlimited<br>+48 662 331 212 (Whatsapp)<br>+1 (517) 312-3530 (USA)</p>","""2025-11-26T21:17:10.568Z""","19ac207010467f91","<CAHh8mdboM=E4kLQNf1s1AVi5Mf=mDPE+vGk-zZ8J72aRwUA=Mg@mail.gmail.com>","""2025-11-26T21:17:10.630Z"""
"e2ed4341-3459-40ef-ac91-5a9605ff8226","00eb0ee2-f938-409e-8ca7-b6dcf9f00409","1","Let’s Build Credibility Together","<p>Hello Kushella team,</p><p>I came across your contact on Leafly and wanted to share a thought. Running a standout dispensary today means more than offering quality—it’s about signaling true care for the culture and those behind it.</p><p>We manufacture hemp wick in Europe for chains and independents who want to do more than just retail—it’s a physical cue that says, “we understand the ritual.” Our partnership with <b><u><a href=""https://www.lastprisonerproject.org/raw-take-action"">Last Prisoner Project and RAW</a></u></b> shows what’s possible: co-branded rolls that highlight justice, craft, and care for community, not just compliance.</p><p>Would it be useful to see how Kushella’s logo would look on a roll? I can set up a quick visual—no pressure.</p><p>--<br>Best Regards,<br>Michael Klepacz<br>Let's Meet! Ask me about a zoom call!<br>Founder - Natural Materials Unlimited<br>+48 662 331 212 (Whatsapp)<br>+1 (517) 312-3530 (USA)</p>","""2025-11-26T14:24:05.986Z""","19ac08cd358219d3","<CAHh8mdZN=Z9=cPqsHiV2nxt8vUXf41v6OSRqWsZW3=yAOot5HA@mail.gmail.com>","""2025-11-26T14:24:06.048Z"""
"ecebf1db-8a59-4697-a003-6acba671c2d9","9b978cfc-d899-4c52-8e0c-66c0cbd4ab87","1","A roll with real impact","<p>Hi,</p><p>I found your email on Leafly, and I wanted to reach out. What if every hemp wick sold helped someone come home? We’re rolling out our self-dispensing hemp wick in support of the Last Prisoner Project—a chance for dispensaries to turn everyday rituals into real-world change. Simple, clean, and made for the conscious shelf.</p><p>If you're the right person to discuss wholesale accessories, that's great—if not, I'd appreciate being introduced to whoever handles product sourcing.</p><p>Would you like a sneak peek at the LPP co-branded roll?</p><p>--<br>Best Regards,<br>Michael Klepacz<br>Let’s Meet! Ask me about a video call and virtual tour!<br>Founder - Natural Materials Unlimited<br>+48 662 331 212 (Whatsapp)<br>+1 (517) 312-3530 USA</p>","""2025-11-12T21:45:42.813Z""","19a7a0818d8e9697","<CAHh8mdam1n3ROwqfiYmMewO3SErs_Ct-2hnMpjeJNK1Q7bssdA@mail.gmail.com>","""2025-11-12T21:45:42.813Z"""
"ee5d9de6-96f9-4c0d-958d-6b5e9b2cc04a","05223b3d-478c-4f32-84e4-9b0fdbcc41e7","1","A Small Signal of Care","<p>Hello Pure Ohio Wellness Team,</p><p>I came across your contact on Leafly and wanted to reach out with an idea that's been moving through the cannabis community—co-branded hemp wick rolls, made in partnership with The Last Prisoner Project. We craft these in Europe, coat them in natural beeswax, and keep everything low-waste from start to finish.</p><p>Our RAW x LPP co-branding is proof that even the biggest names see the value in standing with justice, and we've seen how a custom roll at the counter becomes an instant sign of respect among people who know the ritual. It quietly elevates a store from just 'retail' to a participant in the culture.</p><p>If you're ever curious how your logo might look on a roll, I can send over a visual—no pressure. Here’s where you can see what RAW did: <a href=""https://www.lastprisonerproject.org/raw-take-action""><b><u>LPP/RAW partnership</u></b></a>. Would you be open to exploring what this could look like for Pure Ohio Wellness?</p>--<br>Best Regards,<br>Michael Klepacz<br>Let's Meet! Ask me about a zoom call!<br>Founder - Natural Materials Unlimited<br>+48 662 331 212 (Whatsapp)<br>+1 (517) 312-3530 (USA)","""2025-11-26T22:03:09.254Z""","19ac23118edd89bb","<CAHh8mdaGh+eOQC9diJ4OmEoD4ni+8JP0OSrypKGUdd81u-Dg1Q@mail.gmail.com>","""2025-11-26T22:03:09.317Z"""
"f3b8eb02-51c7-4d01-9ddc-7478a6f5357b","02bb8b6d-856d-4105-b4de-4babfbea1d24","1","Hemp Wick, Real Credibility","<p>Hello, Lemonnade Milwaukie team,</p><p>I hope this message finds you well. I found your contact on Leafly and noticed how you cultivate a real sense of community in your shop.</p><p>I’m Michael, founder of Natural Materials Unlimited. We make hemp wick for the connoisseur crowd—European-grown, coated in pure beeswax, made for people who know the difference. Lately, we’ve helped stores add a co-branded roll that isn’t just shelf filler—it’s a cue to real customers that you value craft over hype.</p><p>We partnered with Last Prisoner Project and RAW on a version that’s turning heads. These custom rolls quietly support justice, and any store—big or small—can make their own mark. <a href=""https://www.lastprisonerproject.org/raw-take-action""><b><u>See the RAW x LPP collaboration here</u></b></a>.</p><p>Would you like to see how your logo would look on a roll? Happy to put together a quick visual, no pressure.</p><p>--<br>Best Regards,<br>Michael Klepacz<br>Let's Meet! Ask me about a zoom call!<br>Founder - Natural Materials Unlimited<br>+48 662 331 212 (Whatsapp)<br>+1 (517) 312-3530 (USA)</p>","""2025-11-26T18:05:07.012Z""","19ac1572a2e23fa9","<CAHh8mdYa3vNbjLH43w-RKDgWRFrchPQTS9626TUuh_o1fwShiQ@mail.gmail.com>","""2025-11-26T18:05:07.081Z"""
"ffe90621-c401-4c68-8c53-e2502b347255","0239d181-d9e8-4053-95a2-220719dcf322","1","A Small Ritual, Big Impact","<p>Hello TreeHouse Club Team,</p><p>I hope this note finds you well. I found your contact on Leafly.</p><p>Your commitment to customer experience stands out in a crowded space. I build hemp wick for people who care about the ritual and the story behind what’s on their counter—not just the product. That’s why RAW partnered with the Last Prisoner Project, quietly aligning cultural respect with justice. Your store can, too: <a href=""https://www.lastprisonerproject.org/raw-take-action"" style=""font-weight:bold;text-decoration:underline;"">discover the LPP/RAW project</a>.</p><p>Would you like to see what TreeHouse Club’s logo would look like on a roll? No pressure—happy to send a visual mockup if it’s of interest.</p><p>--<br>Best Regards,<br>Michael Klepacz<br>Let's Meet! Ask me about a zoom call!<br>Founder - Natural Materials Unlimited<br>+48 662 331 212 (Whatsapp)<br>+1 (517) 312-3530 (USA)</p>","""2025-11-26T16:23:06.481Z""","19ac0f9c7a00369b","<CAHh8mdaOY3619yXBRFJgpbNHQQAGgCkrjYzwNTVHerfuEt8wOA@mail.gmail.com>","""2025-11-26T16:23:06.561Z"""